"Parure";"Materiaux";"TypeMesure";"Quantite";"Unite";"provenance_mesure";"Conversion";"Materiaux_Achete";"usage"
41;55;"longueur";;;;;0;
93;111;"longueur";;;;;0;
102;116;"longueur";;"aune";;;0;
103;117;"longueur";;;;;0;
104;118;"longueur";;"aune";;;0;
114;119;"longueur";;"aune";;;0;
122;124;"longueur";;"aune";;;0;
123;125;"longueur";;"aune";;;0;
124;128;"longueur";;"aune";;;0;
125;130;"longueur";;"aune";;;0;
127;132;"longueur";;"aune";;;0;
128;134;"longueur";;"aune";;;0;
129;135;"longueur";;"aune";;;0;
133;136;"longueur";;"aune";;;0;
134;137;"longueur";;"aune";;;0;
135;138;"longueur";;"aune";;;0;
136;139;"longueur";;"aune";;;0;
138;140;"longueur";;"aune";;;0;
141;142;"longueur";;"aune";;;0;
146;148;"longueur";;"aune";;;0;
162;168;"longueur";;"aune";;;0;
163;169;;;;;;0;
165;175;"longueur";;"aune";;;0;"carreaux"
165;176;"longueur";;"aune";;;0;"carreaux"
166;177;"longueur";;"aune";;;0;
171;180;"longueur";;"aune";;;0;
177;187;"longueur";;"aune";;;0;
189;190;"longueur";;"aune";;;0;
207;209;"longueur";;"aune";;;0;
267;260;"longueur";;"aune";;;0;
268;261;"longueur";;"aune";;;0;
269;262;"longueur";;"aune";;;0;
311;305;"longueur";;"aune";;;0;
312;306;"longueur";;"aune";;;0;
338;324;"longueur";;"aune";;;0;
339;325;"longueur";;"aune";;;0;
340;326;"longueur";;"aune";;;0;
341;327;"longueur";;"aune";;;0;
342;328;"longueur";;"aune";;;0;
369;360;"longueur";;"aune";;;0;
467;465;"longueur";;"aune";;;0;
469;470;"longueur";;"aune";;;0;
470;469;"longueur";;"aune";;;0;
471;471;"longueur";;"aune";;;0;
473;478;"longueur";;"aune";;;0;
480;483;"longueur";;"aune";;;0;
481;484;"longueur";;"aune";;;0;
484;485;"longueur";;"aune";;;0;
492;496;"longueur";;"aune";;;0;
493;497;"longueur";;"aune";;;0;
494;498;"longueur";;"aune";;;0;
499;499;"longueur";;"aune";;;0;
500;500;"longueur";;"aune";;;0;
501;501;"longueur";;"aune";;;0;
502;502;"longueur";;"aune";;;0;
520;531;"longueur";;"aune";;;0;
522;533;"longueur";;"aune";;;0;
524;534;"longueur";;"aune";;;0;
525;535;"longueur";;"aune";;;0;
530;545;"longueur";;"aune";;;0;
533;547;"longueur";;"aune";;;0;
534;548;"longueur";;"aune";;;0;
591;588;"longueur";;"aune";;;0;
603;595;"longueur";;"aune";;;0;
603;596;"longueur";;"aune";;;0;
603;597;"longueur";;"aune";;;0;
612;606;"longueur";;"aune";;;0;
617;607;"longueur";;"aune";;;0;
619;608;"longueur";;"aune";;;0;
620;609;"longueur";;"aune";;;0;
621;610;"longueur";;"aune";;;0;
637;630;"longueur";;"aune";;;0;
662;652;"longueur";;"aune";;;0;
687;680;"longueur";;"aune";;;0;
687;681;"longueur";;"aune";;;0;
696;693;"longueur";;"aune";;;0;
726;715;"longueur";;"aune";;;0;
730;719;"longueur";;"aune";;;0;
731;720;"longueur";;"aune";;;0;
740;727;"longueur";;"aune";;;0;
746;738;"longueur";;"aune";;;0;
769;772;"longueur";;"aune";;;0;
801;840;"longueur";;"aune";;;0;
896;970;"longueur";;"aune";;;0;
963;1163;"longueur";;"aune";;;0;
965;1165;"longueur";;"aune";;;0;
973;1173;"longueur";;"aune";;;0;
977;1178;"longueur";;"aune";;;0;
978;1179;"longueur";;"aune";;;0;
983;1183;"longueur";;"aune";;;0;
992;1187;"longueur";;"aune";;;0;
1017;1229;"longueur";;"aune";;;0;
1030;1234;"longueur";;"aune";;;0;
1044;1272;"longueur";;"aune";;;0;
1064;1292;"longueur";;"aune";;;0;
1065;1293;"longueur";;"aune";;;0;
1066;1294;"longueur";;"aune";;;0;
1067;1295;"longueur";;"aune";;;0;
1071;1296;"longueur";;"aune";;;0;
1072;1297;"longueur";;"aune";;;0;
1076;1300;"longueur";;"aune";;;0;
1077;1299;"longueur";;"aune";;;0;
1078;1298;"longueur";;"aune";;;0;
1097;1315;"longueur";;"aune";;;0;
1098;1316;"longueur";;"aune";;;0;
1105;1319;"longueur";;"aune";;;0;
1106;1320;"longueur";;"aune";;;0;
1107;1321;"longueur";;"aune";;;0;
1110;1322;"longueur";;"aune";;;0;
1111;1323;"longueur";;"aune";;;0;
1112;1324;"longueur";;"aune";;;0;
1113;1325;"longueur";;"aune";;;0;
1114;1326;"longueur";;"aune";;;0;
1115;1327;"longueur";;"aune";;;0;
1116;1328;"longueur";;"aune";;;0;
1117;1329;"longueur";;"aune";;;0;
1118;1330;"longueur";;"aune";;;0;
1145;1344;"longueur";;"aune";;;0;
1147;1348;"longueur";;"aune";;;0;
1147;1349;"longueur";;"aune";;;0;
1158;1364;"longueur";;"aune";;;0;
1159;1365;"longueur";;"aune";;;0;
1160;1366;"longueur";;"aune";;;0;
1161;1367;"longueur";;"aune";;;0;
1164;1369;"longueur";;"aune";;;0;
1165;1370;"longueur";;"aune";;;0;
1166;1371;"longueur";;"aune";;;0;
1167;1372;"longueur";3,00;"pièce";;;0;
1172;1373;"longueur";;"aune";;;0;
1175;1374;"longueur";;"aune";;;0;
1176;1375;"longueur";5,00;"sarge";;;0;
1177;1376;"longueur";1,00;"sarge";;;0;
1179;1377;"longueur";36,00;"aune";;;0;
1180;1381;"longueur";;"aune";;;0;
1181;1382;"longueur";;"aune";;;0;
1183;1385;"longueur";;"aune";;;0;
1184;1386;"longueur";;"aune";;;0;
1185;1387;"longueur";;"aune";;;0;
1186;1388;"longueur";;"aune";;;0;
1187;1389;"longueur";;"aune";;;0;
1188;1390;"longueur";;"aune";;;0;
1198;1411;"longueur";;"aune";;;0;
1199;1412;"longueur";;"aune";;;0;
1212;1426;"longueur";;"aune";;;0;
1213;1427;"longueur";;"aune";;;0;
1217;1428;"longueur";;"aune";;;0;
1217;1429;"longueur";;"aune";;;0;
1223;1436;"longueur";;"aune";;;0;
1224;1437;"longueur";;"aune";;;0;
1245;1448;"longueur";;"aune";;;0;
1246;1450;"longueur";;"aune";;;0;
1247;1449;"longueur";;"aune";;;0;
1264;1463;"longueur";;"aune";;;0;
1290;1485;"longueur";;"aune";;;0;
1291;1486;"longueur";;"aune";;;0;
1301;1523;"longueur";;"aune";;;0;
1307;1532;"longueur";;"aune";;;0;
1322;1540;"longueur";;"aune";;;0;
1322;1541;"longueur";;"aune";;;0;
1325;1547;"longueur";;"aune";;;0;
1348;1573;"longueur";;"aune";;;0;
1349;1574;"longueur";;"aune";;;0;
1350;1575;"longueur";;"aune";;;0;
1381;1615;"longueur";;"aune";;;0;
1418;1682;"longueur";;"aune";;;0;
1472;1769;"longueur";;"aune";;;0;
1473;1770;"longueur";;"aune";;;0;
1476;1776;"longueur";;"aune";;;0;
1477;1781;"longueur";;"aune";;;0;
1495;1806;"longueur";;"aune";;;0;
1496;1808;"longueur";;"aune";;;0;
1503;1821;"longueur";;"aune";;;0;
1504;1822;"longueur";;"aune";;;0;
1506;1827;"longueur";;"aune";;;0;
1538;1876;"longueur";;"aune";;;0;
1539;1877;"longueur";;"aune";;;0;
1540;1878;"longueur";;"aune";;;0;
1541;1879;"longueur";;"aune";;;0;
1579;1945;"longueur";8,00;"aune";;;0;
1597;1961;"longueur";;"aune";;;0;
1609;1969;"longueur";;"aune";;;0;"doublure"
1624;1986;"longueur";;"aune";;;0;
1625;1987;"longueur";;"aune";;;0;
1626;1988;"longueur";;"aune";;;0;
1632;2004;"longueur";;"aune";;;0;
1634;2006;"longueur";;"aune";;;0;
1637;2013;"longueur";;"aune";;;0;
1638;2014;"longueur";;"aune";;;0;
1639;2015;"longueur";;"aune";;;0;
1653;2100;"longueur";;"aune";;;0;
1654;2104;"longueur";;"aune";;;0;
1656;2113;"longueur";;"aune";;;0;
1668;2127;"longueur";;"aune";;;0;
1709;2174;"longueur";;"aune";;;0;
1714;2180;"longueur";;"aune";;;0;
1720;2192;"longueur";;"aune";;;0;
1721;2193;"longueur";;"aune";;;0;
1723;2197;"longueur";;"aune";;;0;
1749;2226;"longueur";;"aune";;;0;
1750;2227;"longueur";;"aune";;;0;
1773;2260;"longueur";;"aune";;;0;
1795;2286;"longueur";;"aune";;;0;
1845;2385;"longueur";;"aune";;;0;
1849;2390;"longueur";;"aune";;;0;
1868;2426;"longueur";;"aune";;;0;
1871;2429;"longueur";;"aune";;;0;
1881;2448;"longueur";;"aune";;;0;
1893;2463;"longueur";;"aune";;;0;
1900;2469;"longueur";;"aune";;;0;
1901;2472;"longueur";;"aune";;;0;
1902;2473;"longueur";;"aune";;;0;
1911;2478;"longueur";;"aune";;;0;
1923;2495;"longueur";;"aune";;;0;
1926;2506;"longueur";;"aune";;;0;
1942;2518;"longueur";;"aune";;;0;
1967;2527;"longueur";;"aune";;;0;
1990;2541;"longueur";;"aune";;;0;
2010;2575;"longueur";;"aune";;;0;
2014;2580;"longueur";;"aune";;;0;
2015;2583;"longueur";;"aune";;;0;
2034;2650;"longueur";;"aune";;;0;
2035;2651;"longueur";;"aune";;;0;
2037;2653;"longueur";;"aune";;;0;
2040;2658;"longueur";;"aune";;;0;
2041;2659;"longueur";;"aune";;;0;
2044;2661;"longueur";;"aune";;;0;
2066;2692;"longueur";;"aune";;;0;
2093;2718;"longueur";;"aune";;;0;
2134;2764;"longueur";;"aune";;;0;
2135;2765;"longueur";;"aune";;;0;
2139;2770;"longueur";;"aune";;;0;
2149;2779;"longueur";;"aune";;;0;
2191;2816;"longueur";;"aune";;;0;
2270;2900;"longueur";;"aune";;;0;
2321;2971;"longueur";;"aune";;;0;
2336;3002;"pelleterie";;"dos";;;0;"doublure"
2379;3044;"longueur";;"aune";;;0;
2386;3051;"longueur";;"aune";;;0;
2414;3115;"pelleterie";64,00;"bête";;;0;
2436;3169;"longueur";;"aune";;;0;
2444;3184;"longueur";;"aune";;;0;
2453;3203;"longueur";;"aune";;;0;
2469;3216;"longueur";;"aune";;;0;
2478;3217;"longueur";;"aune";;;0;
2508;3243;"longueur";;"aune";;;0;
2524;3281;"longueur";;"aune";;;0;
2525;3282;"longueur";;"aune";;;0;
2554;3347;"longueur";;"aune";;;0;
2555;3348;"longueur";;"aune";;;0;
2559;3353;"longueur";;"aune";;;0;
2562;3358;"longueur";;"aune";;;0;
2610;3417;"longueur";;"aune";;;0;
2611;3420;"longueur";;"aune";;;0;
2686;3541;"pelleterie";;"dos";;;0;
2687;3542;"longueur";;"aune";;;0;"doublure"
2688;3543;"pelleterie";;"dos";;;0;"doublure"
2689;3544;"longueur";;"aune";;;0;"doublure"
2690;3545;"longueur";;"aune";;;0;"doublure"
2691;3546;"longueur";;"aune";;;0;"doublure"
2692;3547;"longueur";;"aune";;;0;
2693;3548;"longueur";;"aune";;;0;
2700;3552;"longueur";;"aune";;;0;
2717;3578;"longueur";;"aune";;;0;
2719;3580;"longueur";;"aune";;;0;
2722;3587;"longueur";;"aune";;;0;
2724;3594;"longueur";;"aune";;;0;
2726;3595;"longueur";;"aune";;;0;
2731;3602;"longueur";;"aune";;;0;
2738;3608;"longueur";;"aune";;;0;
2739;3609;"longueur";;"aune";;;0;
2765;3657;"longueur";;"aune";;;0;
2766;3659;"longueur";;"aune";;;0;
2798;3722;"pelleterie";;"dos";;;0;"doublure"
2799;3723;"longueur";;"aune";;;0;"doublure"
2804;3731;"longueur";;"aune";;;0;
2810;3734;"longueur";;"aune";;;0;
2878;3827;"longueur";;"aune";;;0;
2892;3841;"longueur";;"aune";;;0;
2898;3845;"longueur";;"aune";;;0;
2900;3848;"longueur";;"aune";;;0;
2925;3898;"longueur";;"aune";;;0;
2927;3899;"longueur";;"aune";;;0;
2946;3920;"longueur";;"aune";;;0;
2947;3921;"longueur";;"aune";;;0;
2952;3943;"longueur";;"aune";;;0;
2956;3951;"longueur";;"aune";;;0;
2959;3954;"longueur";;"aune";;;0;
2960;3952;"longueur";;"aune";;;0;
2961;3953;"longueur";;"aune";;;0;
2962;3955;"longueur";;"aune";;;0;
2963;3956;"longueur";;"aune";;;0;
2984;3994;"longueur";;"aune";;;0;
2985;3997;"longueur";;"aune";;;0;
2986;3998;"longueur";;"aune";;;0;
2990;4002;"longueur";;"aune";;;0;
2991;4005;"longueur";;"aune";;;0;
2992;4006;"longueur";;"aune";;;0;
2999;4016;"longueur";;"aune";;;0;
3000;4019;"longueur";;"aune";;;0;
3023;4102;"longueur";;"aune";;;0;
3050;4149;"longueur";;"aune";;;0;
3116;4217;"longueur";;"aune";;;0;
3119;4220;"longueur";;"aune";;;0;
3128;4239;"longueur";;"aune";;;0;
3129;4240;"longueur";;"aune";;;0;
3130;4241;"longueur";;"aune";;;0;
3131;4242;"longueur";;"aune";;;0;
3136;4247;"longueur";;"aune";;;0;
3138;4251;"longueur";;"aune";;;0;
3223;4339;"longueur";;"aune";;;0;
3230;4347;"longueur";;"aune";;;0;
3246;4415;"longueur";;"aune";;;0;
3247;4416;"longueur";;"aune";;;0;
3345;4599;"longueur";;"aune";;;0;
3346;4600;"longueur";;"aune";;;0;"garnison"
3349;4612;"longueur";;"aune";;;0;
3350;4618;"longueur";;"aune";;;0;
3351;4624;"longueur";;"aune";;;0;
3352;4625;"longueur";;"aune";;;0;
3358;4631;"longueur";;"aune";;;0;
3359;4632;"longueur";;"aune";;;0;
3360;4633;"longueur";;"aune";;;0;
3365;4647;"longueur";;"aune";;;0;
3383;4666;"longueur";;"aune";;;0;
3459;4744;"longueur";;"aune";;;0;
3460;4745;"longueur";;"aune";;;0;
3468;4748;"longueur";;"aune";;;0;
3489;4773;"longueur";;"aune";;;0;
3490;4774;"longueur";;"aune";;;0;
3505;4803;"longueur";;"aune";;;0;
3513;4828;"longueur";;"aune";;;0;
3528;4847;"longueur";;"aune";;;0;
3540;4866;"longueur";;"aune";;;0;
3551;4901;"longueur";;"aune";;;0;
3563;4949;"longueur";;"aune";;;0;
3565;4955;"longueur";;"aune";;;0;
3571;4960;"longueur";;"aune";;;0;
3586;4975;"longueur";;"aune";;;0;
3605;4990;"longueur";;"aune";;;0;
3606;4991;"longueur";;"aune";;;0;
3607;4992;"longueur";;"aune";;;0;
3608;4993;"longueur";;"aune";;;0;
3616;4994;"longueur";;"aune";;;0;
3633;5014;"longueur";;"aune";;;0;
3638;5017;"longueur";;"aune";;;0;
3639;5018;"longueur";;"aune";;;0;
3640;5019;"longueur";;"aune";;;0;
3641;5016;"longueur";;"aune";;;0;
3642;5020;"longueur";;"aune";;;0;
3643;5021;"longueur";;"aune";;;0;
3644;5022;"longueur";;"aune";;;0;
3653;5026;"longueur";;"aune";;;0;
3669;5044;"longueur";;"aune";;;0;
3677;5048;"longueur";;"aune";;;0;
3688;5055;"longueur";;"aune";;;0;
3721;5089;"longueur";;"aune";;;0;
3747;5110;"longueur";;"aune";;;0;
3749;5111;"longueur";;"aune";;;0;
3754;5113;"longueur";;"aune";;;0;
3755;5114;"longueur";;"aune";;;0;
3771;5178;"longueur";;"aune";;;0;
3776;5189;"longueur";;"aune";;;0;
3782;5196;"longueur";;"aune";;;0;
3786;5202;"longueur";;"aune";;;0;
3810;5231;"longueur";;"aune";;;0;
3841;5273;"longueur";;"aune";;;0;
3875;5307;"longueur";;"aune";;;0;
3878;5314;"longueur";;"aune";;;0;
3899;5328;"longueur";;"aune";;;0;
3915;5336;"longueur";;"aune";;;0;
3952;5394;"longueur";;"aune";;;0;
3952;5395;"longueur";;"aune";;;0;
3965;5411;"longueur";;"aune";;;0;
3971;5415;"longueur";;"aune";;;0;
3972;5416;"longueur";;"aune";;;0;
3977;5426;"longueur";;"aune";;;0;
3978;5425;"longueur";;"aune";;;0;
3979;5427;"longueur";;"aune";;;0;
3981;5430;"longueur";;"aune";;;0;
3982;5431;"longueur";;"aune";;;0;
3982;5432;"longueur";;"aune";;;0;
3983;5433;"longueur";;"aune";;;0;
3984;5434;"longueur";;"aune";;;0;
3987;5435;"longueur";;"aune";;;0;
3989;5441;"longueur";;"aune";;;0;
4002;5471;"longueur";;"aune";;;0;
4002;5472;"pelleterie";240,00;"ventre";;;0;"doublure"
4003;5473;"longueur";;"aune";;;0;
4003;5474;"pelleterie";221,00;"ventre";;;0;"doublure"
4007;5478;"longueur";;"aune";;;0;
4007;5479;"longueur";;"aune";;;0;"doublure"
4008;5482;"longueur";;"aune";;;0;
4009;5486;"longueur";;"aune";;;0;
4010;5487;"longueur";;"aune";;;0;
4012;5493;"longueur";;"aune";;;0;
4013;5494;"longueur";;"aune";;;0;
4016;5495;"longueur";;"aune";;;0;
4017;5496;"longueur";;"aune";;;0;
4018;5497;"longueur";;"aune";;;0;
4019;5498;"longueur";;"aune";;;0;
4020;5499;"longueur";;"aune";;;0;
4021;5500;"longueur";;"aune";;;0;
4024;5501;"longueur";;"aune";;;0;
4025;5502;"longueur";;"aune";;;0;
4027;5503;"longueur";;"aune";;;0;
4028;5505;"longueur";;"aune";;;0;
4029;5506;"longueur";;"aune";;;0;
4030;5507;"longueur";;"aune";;;0;
4031;5508;"longueur";;"aune";;;0;
4032;5515;"longueur";;"aune";;;0;
4034;5516;"longueur";;"aune";;;0;
4035;5517;"longueur";;"aune";;;0;
4036;5518;"longueur";;"aune";;;0;
4038;5519;"longueur";;"aune";;;0;
4039;5520;"longueur";;"aune";;;0;
4040;5526;"longueur";;"aune";;;0;
4041;5527;"longueur";;"aune";;;0;
4043;5528;"longueur";;"aune";;;0;
4047;5533;"longueur";;"aune";;;0;
4047;5534;"pelleterie";;"ventre";;;0;
4053;5538;"longueur";;"aune";;;0;
4070;5567;"longueur";;"aune";;;0;
4080;5594;"longueur";;"aune";;;0;
4118;5657;"longueur";;"aune";;;0;
4123;5661;"longueur";;"aune";;;0;
4124;5664;"longueur";;"aune";;;0;
4125;5667;"longueur";;"aune";;;0;
4151;5729;"longueur";;"aune";;;0;
4151;5730;"longueur";;"aune";;;0;
4152;5732;"longueur";;"aune";;;0;
4154;5734;"longueur";;"aune";;;0;
4188;5782;"longueur";;"aune";;;0;
4189;5783;"longueur";;"aune";;;0;
4190;5784;"longueur";;"aune";;;0;
4192;5785;"longueur";;"aune";;;0;
4194;5789;"longueur";;"aune";;;0;
4205;5833;"longueur";;"aune";;;0;
4212;5849;"longueur";;"aune";;;0;
4214;5855;"longueur";;"aune";;;0;
4215;5857;"longueur";;"aune";;;0;
4216;5859;"longueur";;"aune";;;0;
4217;5861;"longueur";;"aune";;;0;
4272;5933;"longueur";;"aune";;;0;
4301;5978;"longueur";;"aune";;;0;
4312;5983;"longueur";;"aune";;;0;
4322;5987;"longueur";;"aune";;;0;
4340;6014;"longueur";;"aune";;;0;
4343;6018;"longueur";;"aune";;;0;
4344;6019;"longueur";;"aune";;;0;
4345;6020;"longueur";;"aune";;;0;
4346;6021;"longueur";;"aune";;;0;"doublure"
4349;6022;"longueur";;"aune";;;0;
4351;6023;"longueur";;"aune";;;0;
4352;6030;"longueur";;"aune";;;0;
4353;6035;"longueur";;"aune";;;0;
4354;6036;"longueur";;"aune";;;0;
4356;6037;"longueur";;"aune";;;0;
4357;6038;"longueur";;"aune";;;0;
4363;6039;"longueur";;"aune";;;0;
4365;6040;"longueur";;"aune";;;0;
4374;6041;"longueur";;"aune";;;0;
4394;6043;"longueur";;"aune";;;0;
4403;6045;"longueur";;"aune";;;0;
4404;6047;"longueur";;"aune";;;0;
4406;6049;"longueur";;"aune";;;0;
4414;6059;"longueur";;"aune";;;0;
4415;6061;"longueur";;"aune";;;0;
4416;6063;"longueur";;"aune";;;0;
4418;6066;"longueur";;"aune";;;0;
4427;6075;"longueur";;"aune";;;0;
4428;6077;"longueur";;"aune";;;0;
4446;6099;"longueur";;"aune";;;0;
4457;6111;"longueur";;"aune";;;0;
4458;6114;"longueur";;"aune";;;0;
4463;6121;"longueur";;"aune";;;0;
4465;6124;"longueur";;"aune";;;0;
4466;6125;"longueur";;"aune";;;0;
4467;6126;"longueur";;"aune";;;0;
4468;6127;"longueur";;"aune";;;0;
4469;6128;"longueur";;"aune";;;0;
4491;6153;"longueur";;"aune";;;0;
4509;6185;"longueur";;"aune";;;0;
4523;6221;"longueur";;"aune";;;0;
4583;6325;"longueur";;"aune";;;0;
4591;6333;"longueur";;"aune";;;0;
4596;6343;"longueur";;"aune";;;0;
4597;6344;"longueur";;"aune";;;0;
4598;6345;"longueur";;"aune";;;0;
4602;6349;"longueur";;"aune";;;0;
4608;6360;"longueur";;"aune";;;0;
4656;6424;"longueur";;"aune";;;0;
4657;6426;"longueur";;"aune";;;0;
4660;6430;"longueur";;"aune";;;0;
4661;6432;"longueur";;"aune";;;0;
4671;6443;"longueur";;"aune";;;0;
4735;6523;"longueur";;"aune";;;0;
4739;6531;"longueur";;"aune";;;0;
4740;6532;"longueur";;"aune";;;0;
4757;6550;"longueur";;"aune";;;0;"doublure"
4765;6559;"longueur";;"aune";;;0;
4779;6584;"longueur";;"aune";;;0;
4835;6666;"longueur";;"aune";;;0;
4864;6695;"longueur";;"aune";;;0;
4865;6696;"longueur";;"aune";;;0;
4884;6709;"longueur";;"aune";;;0;
4887;6711;"longueur";;"aune";;;0;
4890;6713;"longueur";;"aune";;;0;
4891;6714;"longueur";;"aune";;;0;
4892;6715;"longueur";;"aune";;;0;
4892;6888;"longueur";;"aune";;;0;"nœud et lac de savoie"
4892;6889;"longueur";;"aune";;;0;"nœud et lac de savoie"
4893;6716;"longueur";;"aune";;;0;
4894;6717;"longueur";;"aune";;;0;
4896;6719;"longueur";;"aune";;;0;
4897;6721;"longueur";;"aune";;;0;
4906;6730;"longueur";;"aune";;;0;
4907;6732;"longueur";;"aune";;;0;
4921;6753;"longueur";;"aune";;;0;
4923;6758;"longueur";;"aune";;;0;
4941;6890;"longueur";;"aune";;;0;"nœud et lac de savoie"
4941;6891;"longueur";;"aune";;;0;"nœud et lac de savoie"
4961;6831;"longueur";;"aune";;;0;
4962;6832;"longueur";;"aune";;;0;
4971;6840;"longueur";;"aune";;;0;
4972;6842;"longueur";;"aune";;;0;
4973;6844;"longueur";;"aune";;;0;
4979;6862;"longueur";;"aune";;;0;
4982;6867;"longueur";;"aune";;;0;
4983;6869;"longueur";;"aune";;;0;
4987;6875;"longueur";;"aune";;;0;
4987;6876;"longueur";;"aune";;;0;"doublure"
5001;6902;"longueur";3,00;"aune";;;0;
5019;6917;"longueur";;"aune";;;0;
5020;6918;"longueur";;"aune";;;0;
5021;6919;"longueur";;"aune";;;0;
5030;6933;"longueur";;"aune";;;0;
5033;6936;"longueur";;"aune";;;0;
5033;6937;"longueur";;"aune";;;0;"doublure"
5035;6941;"longueur";;"aune";;;0;
5035;6942;"longueur";;"aune";;;0;"doublure"
5036;6944;"longueur";;"aune";;;0;
5036;6945;"longueur";;"aune";;;0;
5037;6947;"longueur";;"aune";;;0;
5038;6950;"longueur";;"aune";;;0;
5045;6961;"longueur";;"aune";;;0;
5046;6964;"longueur";;"aune";;;0;
5048;6971;"longueur";;"aune";;;0;
5049;6970;"longueur";;"aune";;;0;
5050;6972;"longueur";;"aune";;;0;
5055;6978;"longueur";;"aune";;;0;
5061;6990;"longueur";;"aune";;;0;
5063;6993;"longueur";;"aune";;;0;
5067;6996;"longueur";;"aune";;;0;
5075;7007;"longueur";;"aune";;;0;
5113;7047;"longueur";;"aune";;;0;
5114;7049;"longueur";;"aune";;;0;
5115;7051;"longueur";;"aune";;;0;
5116;7053;"longueur";;"aune";;;0;
5117;7055;"longueur";;"aune";;;0;
5118;7057;"longueur";;"aune";;;0;
5121;7064;"longueur";;"aune";;;0;
5122;7080;"longueur";;"aune";;;0;
5123;7083;"longueur";;"aune";;;0;
5132;7102;"longueur";;"aune";;;0;
5133;7103;"longueur";;"aune";;;0;
5145;7118;"longueur";;"aune";;;0;
5153;7137;"longueur";;"aune";;;0;
5161;7150;"longueur";;"aune";;;0;
5162;7160;"longueur";;"aune";;;0;
5164;7166;"longueur";;"aune";;;0;
5167;7167;"longueur";;"aune";;;0;
5168;7168;"longueur";;"aune";;;0;
5169;7169;"longueur";;"aune";;;0;
5170;7172;"longueur";;"aune";;;0;
5172;7179;"longueur";;"aune";;;0;
5184;7184;"longueur";;"aune";;;0;
5188;7189;"longueur";;"aune";;;0;
5188;7190;"longueur";;"aune";;;0;
5189;7191;"longueur";;"aune";;;0;
5238;7237;"longueur";;"aune";;;0;
5239;7238;"longueur";;"aune";;;0;
5240;7239;"longueur";;"aune";;;0;
5241;7240;"longueur";;"aune";;;0;
5243;7241;"longueur";;"aune";;;0;
5244;7242;"longueur";;"aune";;;0;"corps"
5244;7243;"longueur";;"aune";;;0;"manche"
5245;7244;"longueur";;"aune";;;0;
5246;7245;"longueur";;"aune";;;0;
5247;7246;"longueur";;"aune";;;0;
5247;7247;"longueur";;"aune";;;0;"doublure"
5248;7248;"longueur";;"aune";;;0;
5248;7249;"longueur";;"aune";;;0;"doublure"
5249;7250;"longueur";;"aune";;;0;
5250;7251;"longueur";;"aune";;;0;
5250;7252;"longueur";;"aune";;;0;"manche"
5251;7253;"longueur";;"aune";;;0;
5252;7254;"longueur";;"aune";;;0;
5253;7255;"longueur";;"aune";;;0;
5254;7259;"longueur";;"aune";;;0;
5255;7261;"longueur";;"aune";;;0;
5256;7263;"longueur";;"aune";;;0;
5256;7264;"longueur";;"aune";;;0;
5257;7266;"longueur";;"aune";;;0;"manche à Giron"
5262;7279;"longueur";;"aune";;;0;
5267;7283;"longueur";;"aune";;;0;
5268;7284;"longueur";;"aune";;;0;
5271;7285;"longueur";;"aune";;;0;
5272;7286;"longueur";;"aune";;;0;
5274;7287;"longueur";;"aune";;;0;
5291;7308;"longueur";;"aune";;;0;
5313;7330;"longueur";;"aune";;;0;
5315;7332;"longueur";;"aune";;;0;"doublure"
5316;7333;"longueur";;"aune";;;0;"doublure"
5332;7364;"longueur";;"aune";;;0;
5352;7382;"longueur";;"aune";;;0;"doublure"
5353;7384;"longueur";;"aune";;;0;
5356;7387;"longueur";;"aune";;;0;
5361;7397;"longueur";;"aune";;;0;
5362;7403;"longueur";;"aune";;;0;
5363;7406;"longueur";;"aune";;;0;
5364;7409;"longueur";;"aune";;;0;
5365;7411;"longueur";;"aune";;;0;
5375;7418;"longueur";;"aune";;;0;
5377;7419;"longueur";;"aune";;;0;
5378;7420;"longueur";;"aune";;;0;
5392;7442;"longueur";;"aune";;;0;
5394;7446;"longueur";;"aune";;;0;
5400;7450;"longueur";;"aune";;;0;
5414;7465;"longueur";;"aune";;;0;
5462;7516;"longueur";;"aune";;;0;
5464;7520;"longueur";;"aune";;;0;
5466;7522;"longueur";;"aune";;;0;
5467;7530;"longueur";;"aune";;;0;
5483;7542;"longueur";;"aune";;;0;
5485;7543;"longueur";;"aune";;;0;
5511;7567;"longueur";;"aune";;;0;
5512;7571;"longueur";;"aune";;;0;
5534;7597;"longueur";;"aune";;;0;
5542;7610;"longueur";;"aune";;;0;
5543;7611;"longueur";;"aune";;;0;
5561;7628;"longueur";;"aune";;;0;
5563;7632;"longueur";;"aune";;;0;
5564;7634;"longueur";;"aune";;;0;
5573;7646;"longueur";;"aune";;;0;
5583;7658;"longueur";;"aune";;;0;
5588;7664;"longueur";;"aune";;;0;
5598;7673;"longueur";;"aune";;;0;
5599;7674;"longueur";;"aune";;;0;
5602;7675;"longueur";;"aune";;;0;
5604;7676;"longueur";;"aune";;;0;
5606;7677;"longueur";;"aune";;;0;
5609;7678;"longueur";;"aune";;;0;
5615;7683;"longueur";;"aune";;;0;
5624;7691;"longueur";;"aune";;;0;
5627;7694;"longueur";;"aune";;;0;
5628;7695;"longueur";;"aune";;;0;
5629;7696;"pelleterie";12,00;"peau";;;0;
5635;7702;"longueur";;"aune";;;0;"doublure"
5638;7713;"longueur";;"aune";;;0;
5639;7714;"longueur";;"aune";;;0;
5642;7716;"longueur";;"aune";;;0;
5654;7725;"longueur";;"aune";;;0;
5681;7758;"longueur";;"aune";;;0;
5682;7761;"longueur";;"aune";;;0;
5690;7771;"longueur";;"aune";;;0;
5700;7800;"longueur";;"aune";;;0;
5711;7828;"longueur";;"aune";;;0;
5711;7829;"longueur";;"aune";;;0;
5713;7835;"longueur";;"aune";;;0;
5729;7861;"longueur";;"aune";;;0;
5742;7879;"longueur";;"aune";;;0;
5794;7936;"longueur";;"aune";;;0;
5818;7962;"longueur";;"aune";;;0;
5820;7965;"longueur";1,00;"aune";;;0;
5829;7970;"longueur";;"aune";;;0;
5830;7971;"longueur";;"aune";;;0;
5837;7981;"longueur";;"aune";;;0;
5843;7988;"longueur";;"aune";;;0;
5857;8009;"longueur";;"aune";;;0;
5858;8011;"longueur";;"aune";;;0;
5858;8012;"longueur";1,00;"pièce";;;0;"doublure"
5866;8024;"longueur";;"aune";;;0;
5868;8027;"longueur";;"aune";;;0;
5886;8042;"longueur";;"aune";;;0;
5890;8043;"longueur";;"aune";;;0;
5891;8044;"longueur";;"aune";;;0;
5892;8046;"longueur";;"aune";;;0;
5893;8045;"longueur";;"aune";;;0;
5894;8047;"longueur";;"aune";;;0;
5895;8048;"longueur";;"aune";;;0;
5896;8049;"longueur";;"aune";;;0;
5899;8050;"longueur";;"aune";;;0;
5922;8060;"longueur";;"aune";;;0;
5926;8063;"longueur";;"aune";;;0;
5933;8069;"pelleterie";18,00;"peau";;;0;
5963;8093;"longueur";;"aune";;;0;
5969;8097;"longueur";;"aune";;;0;
5970;8098;"longueur";;"aune";;;0;
5971;8099;"longueur";;"aune";;;0;
5977;8107;"longueur";;"aune";;;0;
5993;8148;"pelleterie";11,00;"bête";;;0;"doublure"
5994;8149;"longueur";;"aune";;;0;
5996;8151;"longueur";;"aune";;;0;"doublure"
5997;8152;"longueur";;"aune";;;0;
6003;8167;"longueur";;"aune";;;0;
6004;8168;"longueur";;"aune";;;0;
6005;8169;"longueur";;"aune";;;0;
6006;8170;"longueur";;"aune";;;0;
6021;8178;"longueur";;"aune";;;0;
6032;8183;"longueur";;"aune";;;0;
6038;8197;"longueur";;"aune";;;0;
6076;8243;"longueur";;"aune";;;0;"doublure"
6077;8244;"longueur";;"aune";;;0;"doublure"
6078;8245;"longueur";;"aune";;;0;"doublure"
6080;8249;"longueur";;"aune";;;0;
6094;8263;"longueur";;"aune";;;0;
6109;8274;"longueur";;"aune";;;0;
6111;8275;"longueur";;"aune";;;0;
6114;8278;"longueur";;"aune";;;0;
6115;8281;"longueur";;"aune";;;0;
6126;8309;"longueur";;"aune";;;0;
6141;8336;"longueur";;"aune";;;0;
6153;8357;"longueur";;"aune";;;0;
6157;8360;"longueur";;"aune";;;0;
6171;8372;"longueur";;"aune";;;0;
6186;8388;"longueur";;"aune";;;0;
6216;8433;"longueur";;"aune";;;0;
6223;8437;"longueur";;"aune";;;0;
6223;8438;"longueur";;"aune";;;0;
6224;8439;"longueur";;"aune";;;0;
6224;8440;"longueur";;"aune";;;0;
6240;8480;"longueur";;"aune";;;0;
6242;8483;"longueur";;"aune";;;0;
6258;8510;"longueur";;"aune";;;0;
6259;8511;"longueur";;"aune";;;0;
6278;8534;"longueur";;"aune";;;0;
6284;8540;"longueur";;"aune";;;0;
6293;8560;"longueur";;"aune";;;0;
6298;8565;"longueur";;"aune";;;0;
6304;8576;"longueur";;"aune";;;0;
6305;8577;"longueur";;"aune";;;0;
6306;8578;"longueur";;"aune";;;0;
6307;8579;"longueur";;"aune";;;0;
6312;8582;"longueur";;"aune";;;0;
6313;8583;"longueur";;"aune";;;0;
6313;8584;"longueur";;"aune";;;0;"doublure"
6314;8585;"longueur";;"aune";;;0;
6314;8586;"longueur";;"aune";;;0;"doublure"
6329;8606;"longueur";;"aune";;;0;
6336;8619;"longueur";;"aune";;;0;
6339;8621;"longueur";;"aune";;;0;
6395;8711;"longueur";;"aune";;;0;
6406;8713;"longueur";;"aune";;;0;
6407;8715;"longueur";;"aune";;;0;
6408;8717;"longueur";;"aune";;;0;
6408;8718;"longueur";;"aune";;;0;"doublure"
6409;8720;"longueur";;"aune";;;0;
6410;8722;"longueur";;"aune";;;0;
6411;8724;"longueur";;"aune";;;0;
6412;8725;"longueur";;"aune";;;0;
6413;8726;"longueur";;"aune";;;0;
6413;8727;"longueur";;"aune";;;0;"doublure"
6416;8728;"longueur";;"aune";;;0;
6416;8729;"longueur";;"aune";;;0;"doublure"
6419;8730;"longueur";;"aune";;;0;
6420;8732;"longueur";;"aune";;;0;
6427;8737;"longueur";;"aune";;;0;
6428;8738;"longueur";;"aune";;;0;
6452;8760;"longueur";;"aune";;;0;
6456;8762;"longueur";;"aune";;;0;
6458;8774;"longueur";;"aune";;;0;
6459;8777;"longueur";;"aune";;;0;
6460;8779;"longueur";;"aune";;;0;
6463;8789;"longueur";;"aune";;;0;
6487;8822;"longueur";;"aune";;;0;
6500;8840;"longueur";;"aune";;;0;
6501;8841;"longueur";;"aune";;;0;
6503;8853;"longueur";;"aune";;;0;
6539;8935;"pelleterie";;"bête";;;0;"doublure"
6540;8936;"longueur";;"aune";;;0;
6540;8937;"pelleterie";;"bête";;;0;"doublure"
6541;8938;"longueur";;"aune";;;0;
6541;8939;"pelleterie";;"bête";;;0;"doublure"
6542;8940;"longueur";;"aune";;;0;
6542;8941;"pelleterie";;"bête";;;0;"doublure"
6554;8986;"longueur";;"aune";;;0;
6556;8987;"longueur";;"aune";;;0;
6556;8988;"longueur";;"aune";;;0;"doublure"
6557;8989;"longueur";;"aune";;;0;
6558;8990;"longueur";;"aune";;;0;
6559;8991;"longueur";;"aune";;;0;
6560;8992;"longueur";;"aune";;;0;
6566;8999;"longueur";7,66;"aune";;;0;
6568;9000;"longueur";;"aune";;;0;
6569;9001;"longueur";;"aune";;;0;
6570;9002;"longueur";;"aune";;;0;
6570;9003;"longueur";;"aune";;;0;"doublure"
6571;9004;"longueur";;"aune";;;0;
6578;9022;"longueur";;"aune";;;0;
6579;9023;"longueur";;"aune";;;0;
6581;9024;"longueur";78,00;"aune";;;0;
6581;9025;"longueur";78,00;"aune";;;0;
6609;9073;"longueur";;"aune";;;0;
6611;9074;"longueur";;"aune";;;0;
6611;9075;"longueur";;"aune";;;0;"doublure"
6613;9076;"longueur";;"aune";;;0;
6616;9077;"longueur";;"aune";;;0;
6624;9085;"longueur";;"aune";;;0;
6625;9086;"longueur";;"aune";;;0;
6634;9087;"longueur";;"aune";;;0;
6642;9088;"longueur";;"aune";;;0;
6645;9090;"longueur";;"aune";;;0;
6646;9093;"longueur";17,25;"aune";;;0;
6657;9119;"longueur";;"aune";;;0;
6671;9146;"longueur";;"aune";;;0;
6679;9160;"longueur";;"aune";;;0;
6691;9177;"longueur";;"aune";;;0;
6692;9179;"longueur";;"aune";;;0;
6694;9181;"longueur";;"aune";;;0;
6695;9182;"longueur";;"aune";;;0;
6698;9185;"longueur";;"aune";;;0;
6699;9186;"longueur";;"aune";;;0;
6700;9187;"longueur";;"aune";;;0;
6700;9188;"longueur";;"aune";;;0;"doublure"
6702;9196;"longueur";;"aune";;;0;
6705;9204;"longueur";;"aune";;;0;
6713;9209;"longueur";;"aune";;;0;
6720;9213;"longueur";;"aune";;;0;
6720;9214;"pelleterie";;"dos";;;0;"doublure"
6722;9218;"longueur";;"aune";;;0;
6737;9236;"longueur";;"aune";;;0;
6738;9237;"longueur";;"aune";;;0;
6756;9249;"longueur";;"aune";;;0;
6757;9250;"longueur";;"aune";;;0;
6761;9252;"longueur";;"aune";;;0;
6763;9255;"longueur";;"aune";;;0;
6764;9256;"longueur";;"aune";;;0;
6765;9257;"longueur";;"aune";;;0;
6766;9258;"longueur";;"aune";;;0;
6767;9259;"longueur";;"aune";;;0;
6768;9260;"longueur";;"aune";;;0;
6769;9261;"longueur";;"aune";;;0;
6779;9279;"longueur";;"aune";;;0;
6781;9281;"longueur";;"aune";;;0;
6781;9284;"pelleterie";;"bête";;;0;"doublure"
6782;9282;"longueur";;"aune";;;0;
6782;9283;"pelleterie";;"bête";;;0;"doublure"
6783;9285;"longueur";;"aune";;;0;
6788;9290;"longueur";;"aune";;;0;
6792;9458;"longueur";;"aune";;;0;
6793;9459;"longueur";;"aune";;;0;
6794;9296;"longueur";;"aune";;;0;
6795;9297;"longueur";;"aune";;;0;
6796;9298;"longueur";;"aune";;;0;
6797;9299;"longueur";;"aune";;;0;
6798;9300;"longueur";;"aune";;;0;
6798;9301;"longueur";;"aune";;;0;"doublure"
6799;9302;"longueur";;"aune";;;0;
6800;9303;"longueur";;"aune";;;0;
6800;9304;"longueur";;"aune";;;0;
6800;9305;"longueur";;"aune";;;0;
6800;9306;"longueur";;"aune";;;0;"doublure"
6802;9314;"longueur";;"aune";;;0;
6803;9315;"longueur";;"aune";;;0;
6804;9316;"longueur";;"aune";;;0;
6805;9318;"longueur";;"aune";;;0;
6806;9321;"longueur";;"aune";;;0;
6908;9460;"longueur";;"aune";;;0;
6909;9461;"longueur";;"aune";;;0;
6910;9463;"longueur";;"aune";;;0;
6911;9464;"longueur";;"aune";;;0;
6912;9465;"longueur";;"aune";;;0;
6913;9466;"longueur";;"aune";;;0;
6913;9467;"longueur";;"aune";;;0;"doublure"
6926;9489;"longueur";;"aune";;;0;
6927;9492;"longueur";;"aune";;;0;
6928;9493;"longueur";;"aune";;;0;
6929;9495;"longueur";;"aune";;;0;
6930;9498;"longueur";;"aune";;;0;
6931;9501;"longueur";;"aune";;;0;
6932;9502;"longueur";;"aune";;;0;
6933;9503;"longueur";;"aune";;;0;
6934;9504;"longueur";;"aune";;;0;
6935;9505;"longueur";;"aune";;;0;
6942;9511;"longueur";;"aune";;;0;
6952;9524;"longueur";;"aune";;;0;"doublure"
6972;9575;"longueur";;"aune";;;0;
6980;9580;"longueur";;"aune";;;0;
6982;9581;"longueur";;"aune";;;0;
6982;9582;"longueur";;"aune";;;0;"doublure"
6983;9583;"longueur";;"aune";;;0;
6984;9584;"longueur";;"aune";;;0;
6985;9585;"longueur";;"aune";;;0;
6987;9588;"longueur";;"aune";;;0;
7005;9613;"longueur";;"aune";;;0;
7013;9624;"longueur";;"aune";;;0;
7014;9626;"longueur";;"aune";;;0;
7037;9639;"longueur";;"aune";;;0;"doublure"
7039;9643;"longueur";;"aune";;;0;
7042;9653;"longueur";;"aune";;;0;
7052;9660;"longueur";;"aune";;;0;
7054;9662;"longueur";;"aune";;;0;
7067;9690;"longueur";;"aune";;;0;
7068;9692;"longueur";;"aune";;;0;
7070;9695;"longueur";;"aune";;;0;
7087;9713;"longueur";;"aune";;;0;
7109;9742;"longueur";;"aune";;;0;
7109;9743;"longueur";;"aune";;;0;"doublure"
7110;9744;"longueur";;"aune";;;0;
7111;9746;"longueur";;"aune";;;0;
7111;9747;"pelleterie";;"penne";;;0;"doublure"
7112;9749;"longueur";;"aune";;;0;
7113;9750;"longueur";;"aune";;;0;
7118;9752;"longueur";;"aune";;;0;
7119;9751;"longueur";;"aune";;;0;
7120;9753;"longueur";;"aune";;;0;
7121;9754;"longueur";;"aune";;;0;
7124;9755;"longueur";;"aune";;;0;
7124;9756;"longueur";;"aune";;;0;"doublure"
7152;9797;"longueur";;"aune";;;0;
7152;9798;"longueur";;"aune";;;0;
7154;9803;"longueur";;"aune";;;0;
7155;9804;"longueur";;"aune";;;0;
7156;9805;"longueur";6,50;"aune";;;0;
7156;9806;"longueur";2,00;"aune";;;0;
7168;9813;"longueur";;"aune";;;0;
7169;9815;"longueur";;"aune";;;0;
7169;9816;"longueur";;"aune";;;0;"doublure"
7170;9817;"longueur";;"aune";;;0;
7171;9818;"longueur";;"aune";;;0;
7172;9820;"longueur";;"aune";;;0;
7172;9821;"longueur";;"aune";;;0;"doublure"
7173;9822;"longueur";;"aune";;;0;
7173;9823;"longueur";;"aune";;;0;"doublure"
7174;9824;"longueur";;"aune";;;0;
7175;9825;"longueur";;"aune";;;0;
7175;9826;"longueur";;"aune";;;0;"doublure"
7176;9827;"longueur";;"aune";;;0;
7176;9828;"longueur";;"aune";;;0;"doublure"
7177;9829;"longueur";;"aune";;;0;
7177;9830;"longueur";;"aune";;;0;"doublure"
7178;9831;"longueur";;"aune";;;0;
7178;9832;"longueur";;"aune";;;0;"doublure"
7179;9833;"longueur";;"aune";;;0;
7194;9857;"longueur";;"aune";;;0;
7195;9858;"longueur";;"aune";;;0;
7197;9861;"longueur";;"aune";;;0;"doublure"
7198;9862;"longueur";;"aune";;;0;
7198;9863;"longueur";;"aune";;;0;"doublure"
7199;9865;"longueur";;"aune";;;0;
7210;9876;"longueur";;"aune";;;0;
7211;9881;"longueur";;"aune";;;0;
7218;9886;"longueur";;"aune";;;0;
7219;9887;"longueur";;"aune";;;0;
7226;9905;"longueur";;"aune";;;0;
7232;9910;"pelleterie";;"fourrure";;;0;
7232;9911;"pelleterie";;"fourrure";;;0;"doublure de manche"
7233;9912;"longueur";;"aune";;;0;
7241;9935;"longueur";;"aune";;;0;
7242;9936;"longueur";;"aune";;;0;
7259;9946;"longueur";;"aune";;;0;
7260;9948;"longueur";;"aune";;;0;
7261;9952;"longueur";;"aune";;;0;
7262;9956;"longueur";;"aune";;;0;
7263;9957;"longueur";;"aune";;;0;
7264;9958;"longueur";;"aune";;;0;
7265;9959;"longueur";;"aune";;;0;
7266;9960;"longueur";;"aune";;;0;
7267;9961;"longueur";;"aune";;;0;
7268;9962;"longueur";;"aune";;;0;
7269;9963;"longueur";;"aune";;;0;
7269;9964;"longueur";;"aune";;;0;"doublure"
7270;9965;"longueur";;"aune";;;0;
7270;9966;"longueur";;"aune";;;0;"doublure"
7289;9983;"longueur";;"aune";;;0;
7289;9984;"longueur";;"aune";;;0;"doublure"
7299;9991;"longueur";;"aune";;;0;
7332;10022;"longueur";;"aune";;;0;
7335;10026;"longueur";;"aune";;;0;
7341;10031;"longueur";;"aune";;;0;
7342;10032;"longueur";;"aune";;;0;
7343;10033;"longueur";;"aune";;;0;
7344;10034;"longueur";;"aune";;;0;
7345;10035;"longueur";;"aune";;;0;
7356;10045;"longueur";;"aune";;;0;
7389;10067;"longueur";;"aune";;;0;
7392;10069;"longueur";;"aune";;;0;
7401;10073;"longueur";;"aune";;;0;
7418;10110;"longueur";;"aune";;;0;
7428;10140;"longueur";;"aune";;;0;
7440;10150;"longueur";;"aune";;;0;
7443;10152;"longueur";;"aune";;;0;
7444;10154;"longueur";;"aune";;;0;
7445;10156;"longueur";;"aune";;;0;
7445;10157;"longueur";;"aune";;;0;"doublure"
7446;10158;"longueur";;"aune";;;0;
7447;10159;"longueur";;"aune";;;0;
7448;10160;"longueur";;"aune";;;0;
7449;10161;"longueur";;"aune";;;0;
7450;10162;"longueur";;"aune";;;0;
7451;10163;"longueur";;"aune";;;0;
7452;10164;"longueur";;"aune";;;0;
7453;10165;"longueur";;"aune";;;0;
7454;10166;"longueur";;"aune";;;0;
7457;10170;"longueur";;"aune";;;0;
7458;10171;"longueur";;"aune";;;0;
7460;10174;"longueur";;"aune";;;0;
7461;10177;"longueur";;"aune";;;0;
7461;10178;"longueur";;"aune";;;0;"doublure"
7462;10180;"longueur";;"aune";;;0;
7493;10198;"longueur";;"aune";;;0;
7495;10204;"longueur";;"aune";;;0;"doublure"
7497;10207;"longueur";;"aune";;;0;
7500;10214;"longueur";;"aune";;;0;
7501;10215;"longueur";;"aune";;;0;
7507;10221;"longueur";;"aune";;;0;
7508;10222;"longueur";;"aune";;;0;
7509;10225;"longueur";;"aune";;;0;
7515;10226;"longueur";;"aune";;;0;
7517;10229;"longueur";;"aune";;;0;
7552;10298;"longueur";;"aune";;;0;
7553;10299;"longueur";;"aune";;;0;
7556;10300;"longueur";;"aune";;;0;
7559;10302;"longueur";;"aune";;;0;
7563;10310;"longueur";;"aune";;;0;
7572;10322;"longueur";;"aune";;;0;
7573;10323;"longueur";;"aune";;;0;
7574;10324;"longueur";;"aune";;;0;
7575;10325;"longueur";;"aune";;;0;
7575;10326;"longueur";;"aune";;;0;"doublure"
7578;10331;"longueur";;"aune";;;0;
7579;10332;"longueur";;"aune";;;0;
7580;10334;"longueur";;"aune";;;0;
7585;10340;"longueur";;"aune";;;0;
7597;10363;"longueur";;"aune";;;0;
7607;10406;"longueur";;"aune";;;0;
7608;10407;"longueur";;"aune";;;0;
7609;10408;"longueur";;"aune";;;0;
7611;10410;"longueur";;"aune";;;0;
7618;10423;"longueur";;"aune";;;0;
7620;10427;"longueur";;"aune";;;0;
7621;10429;"longueur";;"aune";;;0;
7622;10430;"longueur";;"aune";;;0;
7624;10433;"longueur";;"aune";;;0;
7625;10434;"longueur";;"aune";;;0;
7627;10436;"longueur";;"aune";;;0;
7629;10442;"longueur";;"aune";;;0;
7632;10444;"longueur";;"aune";;;0;
7633;10445;"longueur";;"aune";;;0;
7636;10457;"longueur";;"aune";;;0;
7638;10463;"longueur";;"aune";;;0;
7639;10464;"longueur";;"aune";;;0;
7640;10465;"longueur";;"aune";;;0;
7642;10472;"longueur";;"aune";;;0;
7643;10475;"longueur";;"aune";;;0;
7646;10477;"longueur";;"aune";;;0;
7647;10478;"longueur";;"aune";;;0;
7653;10489;"longueur";;"aune";;;0;
7658;10502;"longueur";;"aune";;;0;
7659;10503;"longueur";;"aune";;;0;
7660;10504;"longueur";;"aune";;;0;
7660;10505;"longueur";;"aune";;;0;"doublure"
7661;10506;"longueur";;"aune";;;0;
7662;10507;"longueur";;"aune";;;0;
7669;10514;"longueur";;"aune";;;0;
7670;10515;"longueur";;"aune";;;0;
7671;10516;"longueur";;"aune";;;0;
7673;10517;"longueur";;"aune";;;0;
7677;10518;"longueur";;"aune";;;0;
7682;10519;"longueur";;"aune";;;0;
7686;10520;"longueur";;"aune";;;0;
7689;10521;"longueur";;"aune";;;0;
7693;10522;"longueur";;"aune";;;0;
7697;10523;"longueur";;"aune";;;0;
7701;10524;"longueur";;"aune";;;0;
7705;10525;"longueur";;"aune";;;0;
7706;10526;"longueur";;"aune";;;0;
7707;10527;"longueur";;"aune";;;0;
7711;10528;"longueur";;"aune";;;0;
7712;10529;"longueur";;"aune";;;0;
7717;10535;"longueur";;"aune";;;0;
7718;10536;"longueur";;"aune";;;0;
7750;10568;"longueur";;"aune";;;0;
7759;10580;"longueur";;"aune";;;0;
7764;10588;"longueur";;"aune";;;0;
7772;10593;"longueur";;"aune";;;0;"doublure"
7775;10594;"longueur";;"aune";;;0;
7776;10596;"longueur";;"aune";;;0;
7787;10621;"longueur";;"aune";;;0;
7788;10623;"longueur";;"aune";;;0;
7789;10625;"longueur";;"aune";;;0;
7799;10641;"longueur";;"aune";;;0;
7799;10642;"longueur";;"aune";;;0;"doublure de corps"
7800;10644;"longueur";;"aune";;;0;
7801;10645;"longueur";;"aune";;;0;
7802;10646;"longueur";;"aune";;;0;
7808;10656;"longueur";;"aune";;;0;
7809;10657;"longueur";;"aune";;;0;
7810;10658;"longueur";;"aune";;;0;
7810;10659;"longueur";;"aune";;;0;"doublure"
7818;10672;"longueur";;"aune";;;0;
7819;10673;"longueur";;"aune";;;0;
7825;10679;"longueur";;"aune";;;0;
7826;10680;"longueur";;"aune";;;0;
7830;10690;"longueur";;"aune";;;0;
7839;10710;"longueur";;"aune";;;0;
7840;10714;"longueur";;"aune";;;0;
7841;10716;"longueur";;"aune";;;0;
7842;10718;"longueur";;"aune";;;0;
7853;10728;"longueur";;"aune";;;0;
7854;10729;"longueur";;"aune";;;0;
7855;10730;"longueur";;"aune";;;0;
7855;10731;"pelleterie";;"gorge";;;0;"doublure"
7856;10732;"longueur";;"aune";;;0;
7860;10740;"longueur";;"aune";;;0;
7861;10741;"longueur";;"aune";;;0;
7862;10742;"longueur";;"aune";;;0;
7864;10743;"longueur";;"aune";;;0;
7866;10744;"longueur";;"aune";;;0;
7867;10745;"longueur";;"aune";;;0;
7867;10746;"longueur";;"aune";;;0;"doublure de manche"
7868;10747;"longueur";;"aune";;;0;
7869;10748;"longueur";;"aune";;;0;
7870;10749;"longueur";;"aune";;;0;
7874;10759;"longueur";;"aune";;;0;
7875;10760;"longueur";;"aune";;;0;
7876;10761;"longueur";;"aune";;;0;
7878;10762;"longueur";;"aune";;;0;
7879;10763;"longueur";;"aune";;;0;
7880;10764;"longueur";;"aune";;;0;
7881;10765;"longueur";;"aune";;;0;
7882;10766;"longueur";;"aune";;;0;
7883;10767;"longueur";;"aune";;;0;
7884;10768;"longueur";;"aune";;;0;
7885;10769;"longueur";;"aune";;;0;
7886;10770;"longueur";;"aune";;;0;
7887;10771;"longueur";;"aune";;;0;
7888;10772;"longueur";;"aune";;;0;
7889;10773;"longueur";;"aune";;;0;
7890;10774;"longueur";;"aune";;;0;
7891;10775;"longueur";;"aune";;;0;
7891;10776;"longueur";;"aune";;;0;
7896;10781;"longueur";;"aune";;;0;
7897;10782;"longueur";;"aune";;;0;
7898;10783;"longueur";;"aune";;;0;
7899;10784;"longueur";;"aune";;;0;
7900;10785;"longueur";;"aune";;;0;
7901;10786;"longueur";;"aune";;;0;
7903;10788;"longueur";;"aune";;;0;
7905;10789;"longueur";;"aune";;;0;
7906;10790;"longueur";;"aune";;;0;"doublure"
7907;10791;"longueur";;"aune";;;0;
7908;10792;"longueur";;"aune";;;0;
7910;10793;"longueur";;"aune";;;0;
7911;10794;"longueur";;"aune";;;0;
7912;10795;"longueur";;"aune";;;0;
7913;10796;"longueur";;"aune";;;0;
7913;10797;"longueur";;"aune";;;0;
7914;10798;"longueur";;"aune";;;0;
7916;10799;"longueur";;"aune";;;0;
7917;10800;"longueur";;"aune";;;0;
7918;10801;"longueur";;"aune";;;0;
7919;10802;"longueur";;"aune";;;0;
7920;10803;"longueur";;"aune";;;0;
7921;10804;"longueur";;"aune";;;0;
7922;10805;"longueur";;"aune";;;0;
7924;10807;"longueur";;"aune";;;0;
7926;10808;"longueur";;"aune";;;0;
7948;10817;"longueur";;"aune";;;0;
7953;10820;"longueur";;"aune";;;0;
7963;10832;"longueur";;"aune";;;0;
7964;10835;"longueur";;"aune";;;0;
7965;10836;"longueur";;"aune";;;0;
7965;10837;"longueur";;"aune";;;0;"doublure"
7967;10839;"longueur";;"aune";;;0;
7976;10844;"longueur";;"aune";;;0;
7977;10848;"longueur";;"aune";;;0;
7980;10851;"longueur";;"aune";;;0;
7999;10920;"pelleterie";;"bête";;;0;"doublure"
8003;10927;"longueur";;"aune";;;0;
8003;10928;"pelleterie";;"bête";;;0;"doublure"
8003;10929;"pelleterie";;"penne";;;0;"doublure de manche"
8004;10932;"longueur";;"aune";;;0;
8004;10933;"pelleterie";;"penne";;;0;"doublure de manche"
8008;10934;"longueur";;"aune";;;0;
8009;10935;"longueur";;"aune";;;0;
8029;10959;"longueur";;"aune";;;0;
8030;10961;"longueur";;"aune";;;0;
8046;10971;"longueur";;"aune";;;0;
8071;11005;"longueur";;"aune";;;0;
8074;11008;"longueur";;"aune";;;0;
8130;11082;"longueur";;"aune";;;0;
8133;11089;"longueur";;"aune";;;0;
8145;11102;"longueur";;"aune";;;0;
8153;11110;"longueur";;"aune";;;0;
8188;11167;"longueur";;"aune";;;0;
8189;11168;"longueur";;"aune";;;0;"doublure"
8190;11169;"longueur";;"aune";;;0;
8192;11171;"longueur";;"aune";;;0;
8201;11199;"longueur";;"aune";;;0;
8201;11200;"pelleterie";;"bête";;;0;"doublure"
8202;11201;"longueur";;"aune";;;0;
8203;11202;"longueur";;"aune";;;0;"doublure"
8204;11203;"longueur";;"aune";;;0;
8206;11205;"pelleterie";;"bête";;;0;"doublure"
8208;11207;"pelleterie";2,00;"bête";;;0;"doublure"
8209;11208;"longueur";;"aune";;;0;
8215;11214;"longueur";;"aune";;;0;
8224;11232;"longueur";;"aune";;;0;
8232;11242;"longueur";;"aune";;;0;
8232;11243;"longueur";;"aune";;;0;"doublure"
8241;11257;"longueur";;"aune";;;0;
